{
    "sequenceName": "mpress_on",
    "description": "68 ms 3T PRESS Siemens sequence, no spatial treatment",
    "B0": 2.89,
    "centralShift": 4.65,

    "Rx_Points":8192,
    "Rx_SW":4000,
    "Rx_LW":2,
    "Rx_Phase": -1.470,

    "x":[-25,25],
    "y":[-25,25],
    "z":[-25,25],
    "resolution":[1,1,1],

    "CoherenceFilter": [-1,1,null,-1,null],

    "RFUnits":"Hz",
    "GradUnits":"mT",
    "spaceUnits":"mm",

    "RF": [
        {
            "time": 0.0001,
            "frequencyOffset": -283.0,
            "phaseOffset": 0,
            "amp": [2500.0],
            "phase": [0.00000],
            "grad": [0,0,0]
        },
        {
            "time": 0.0001,
            "frequencyOffset": -283.0,
            "phaseOffset": 0,
            "amp": [5000.0],
            "phase": [0.00000],
            "grad": [0,0,0]
        },
        {
            "time": 0.015,
            "frequencyOffset": 387.60,
            "phaseOffset": 0,
            "amp": [0.7656515211318368, 1.5924815883574408, 2.478635625248737, 3.4241136318057257, 4.428915608028407, 5.491188192409393, 6.614638107963458, 7.793704662708096, 9.028387856643308, 10.31683372080136, 11.65718767875418, 13.047596368994377, 14.48620582255422, 15.96745473999086, 17.491343121304293, 19.052308452130983, 20.648497978423887, 22.274349185819467, 23.9261547438426, 25.600207322018168, 27.290944405982632, 28.994658665260875, 30.7057881929497, 32.4187722970666, 34.1280478557877, 35.82990814609821, 37.51693789958755, 39.1835746018922, 40.827964284044405, 42.43898495461882, 44.014781429727016, 45.54979301738649, 47.03660323426598, 48.47150535735071, 49.84893687227713, 51.16333647960239, 52.41099684885138, 53.586356073120896, 54.683851638047415, 55.70163139704421, 56.63413222828743, 57.47950077026965, 58.23217511608772, 58.89215587320194, 59.45388113470915, 59.91735090060933, 60.27885723296703, 60.538400131782225, 60.694125628087214, 60.74603432934232, 60.694125628087214, 60.538400131782225, 60.27885723296703, 59.91735090060933, 59.45388113470915, 58.89215587320194, 58.23217511608772, 57.47950077026965, 56.63413222828743, 55.70163139704421, 54.683851638047415, 53.586356073120896, 52.41099684885138, 51.16333647960239, 49.84893687227713, 48.47150535735071, 47.03660323426598, 45.54979301738649, 44.014781429727016, 42.43898495461882, 40.827964284044405, 39.1835746018922, 37.51693789958755, 35.82990814609821, 34.1280478557877, 32.4187722970666, 30.7057881929497, 28.994658665260875, 27.290944405982632, 25.600207322018168, 23.9261547438426, 22.274349185819467, 20.648497978423887, 19.052308452130983, 17.491343121304293, 15.96745473999086, 14.48620582255422, 13.047596368994377, 11.65718767875418, 10.31683372080136, 9.028387856643308, 7.793704662708096, 6.614638107963458, 5.491188192409393, 4.428915608028407, 3.4241136318057257, 2.478635625248737, 1.5924815883574408, 0.7656515211318368],
            "phase": [0.0, 0.0, 0.0, 0.0, 0.0, 0.0, 0.0, 0.0, 0.0, 0.0, 0.0, 0.0, 0.0, 0.0, 0.0, 0.0, 0.0, 0.0, 0.0, 0.0, 0.0, 0.0, 0.0, 0.0, 0.0, 0.0, 0.0, 0.0, 0.0, 0.0, 0.0, 0.0, 0.0, 0.0, 0.0, 0.0, 0.0, 0.0, 0.0, 0.0, 0.0, 0.0, 0.0, 0.0, 0.0, 0.0, 0.0, 0.0, 0.0, 0.0, 0.0, 0.0, 0.0, 0.0, 0.0, 0.0, 0.0, 0.0, 0.0, 0.0, 0.0, 0.0, 0.0, 0.0, 0.0, 0.0, 0.0, 0.0, 0.0, 0.0, 0.0, 0.0, 0.0, 0.0, 0.0, 0.0, 0.0, 0.0, 0.0, 0.0, 0.0, 0.0, 0.0, 0.0, 0.0, 0.0, 0.0, 0.0, 0.0, 0.0, 0.0, 0.0, 0.0, 0.0, 0.0, 0.0, 0.0, 0.0, 0.0],
            "grad": [0,0,0]
        },
        {
            "time": 0.0001,
            "frequencyOffset": -283.0,
            "phaseOffset": 0,
            "amp": [5000.0],
            "phase": [0.00000],
            "grad": [0,0,0]
        },
        {
            "time": 0.015,
            "frequencyOffset": 387.60,
            "phaseOffset": 0,
            "amp": [0.7656515211318368, 1.5924815883574408, 2.478635625248737, 3.4241136318057257, 4.428915608028407, 5.491188192409393, 6.614638107963458, 7.793704662708096, 9.028387856643308, 10.31683372080136, 11.65718767875418, 13.047596368994377, 14.48620582255422, 15.96745473999086, 17.491343121304293, 19.052308452130983, 20.648497978423887, 22.274349185819467, 23.9261547438426, 25.600207322018168, 27.290944405982632, 28.994658665260875, 30.7057881929497, 32.4187722970666, 34.1280478557877, 35.82990814609821, 37.51693789958755, 39.1835746018922, 40.827964284044405, 42.43898495461882, 44.014781429727016, 45.54979301738649, 47.03660323426598, 48.47150535735071, 49.84893687227713, 51.16333647960239, 52.41099684885138, 53.586356073120896, 54.683851638047415, 55.70163139704421, 56.63413222828743, 57.47950077026965, 58.23217511608772, 58.89215587320194, 59.45388113470915, 59.91735090060933, 60.27885723296703, 60.538400131782225, 60.694125628087214, 60.74603432934232, 60.694125628087214, 60.538400131782225, 60.27885723296703, 59.91735090060933, 59.45388113470915, 58.89215587320194, 58.23217511608772, 57.47950077026965, 56.63413222828743, 55.70163139704421, 54.683851638047415, 53.586356073120896, 52.41099684885138, 51.16333647960239, 49.84893687227713, 48.47150535735071, 47.03660323426598, 45.54979301738649, 44.014781429727016, 42.43898495461882, 40.827964284044405, 39.1835746018922, 37.51693789958755, 35.82990814609821, 34.1280478557877, 32.4187722970666, 30.7057881929497, 28.994658665260875, 27.290944405982632, 25.600207322018168, 23.9261547438426, 22.274349185819467, 20.648497978423887, 19.052308452130983, 17.491343121304293, 15.96745473999086, 14.48620582255422, 13.047596368994377, 11.65718767875418, 10.31683372080136, 9.028387856643308, 7.793704662708096, 6.614638107963458, 5.491188192409393, 4.428915608028407, 3.4241136318057257, 2.478635625248737, 1.5924815883574408, 0.7656515211318368],
            "phase": [0.0, 0.0, 0.0, 0.0, 0.0, 0.0, 0.0, 0.0, 0.0, 0.0, 0.0, 0.0, 0.0, 0.0, 0.0, 0.0, 0.0, 0.0, 0.0, 0.0, 0.0, 0.0, 0.0, 0.0, 0.0, 0.0, 0.0, 0.0, 0.0, 0.0, 0.0, 0.0, 0.0, 0.0, 0.0, 0.0, 0.0, 0.0, 0.0, 0.0, 0.0, 0.0, 0.0, 0.0, 0.0, 0.0, 0.0, 0.0, 0.0, 0.0, 0.0, 0.0, 0.0, 0.0, 0.0, 0.0, 0.0, 0.0, 0.0, 0.0, 0.0, 0.0, 0.0, 0.0, 0.0, 0.0, 0.0, 0.0, 0.0, 0.0, 0.0, 0.0, 0.0, 0.0, 0.0, 0.0, 0.0, 0.0, 0.0, 0.0, 0.0, 0.0, 0.0, 0.0, 0.0, 0.0, 0.0, 0.0, 0.0, 0.0, 0.0, 0.0, 0.0, 0.0, 0.0, 0.0, 0.0, 0.0, 0.0],
            "grad": [0,0,0]
        }       
    ],

    "delays": [0.00765, 0.01365, 0.00525, 0.00525, 0.00595],
    "rephaseAreas": [
        [0.000e+00,  0.000e+00,  0.000e+00],
       [ 0.000e+00,  0.000e+00,  0.000e+00],
       [ 0.000e+00,  0.000e+00,  0.000e+00],
       [ 0.000e+00,  0.000e+00,  0.000e+00],
       [ 0.000e+00,  0.000e+00,  0.000e+00]
    ]
}